순위,상품명,브랜드,가격,할인율,리뷰수,URL
1,[군마트용]비피다 바이옴 아쿠아 베리어 크림 기획세트 (80ml+20ml+20ml) (26/04/19까지),6월 월간 랭킹 리포트,"4,710원",81%,더보기,https://www.musinsa.com/products/5015397
2,태권도 - 블랙 / JQ4775,서머 슈즈 최대 70% 할인,"73,990원",50%,더보기,https://www.musinsa.com/products/4397727
3,아디컬러 클래식 트랙탑 (와플) - 원더화이트 / JW0109,"회원님의 체형정보를 입력하고
비슷한 체형이 많이 구매한 사이즈를 찾아보세요","119,000원",,"사이즈 실측 안내
점퍼 사이즈 측정법",https://www.musinsa.com/products/4945148
4,NBXDFA502M / MEN 블랙 코어 에어로쿨 드로즈 5PACK (BLACK),7월 월간 랭킹 리포트,"29,940원",40%,"사이즈 실측 안내
속옷_하의 사이즈 측정법",https://www.musinsa.com/products/5093675
5,NJ3BR04A 남성 베스티 자켓_BLACK,"회원님의 체형정보를 입력하고
비슷한 체형이 많이 구매한 사이즈를 찾아보세요","79,000원",60%,더보기,https://www.musinsa.com/products/4747732
6,시그니처 볼캡 + 리즈 비즈 목걸이 SET,핫 서머룩 최대 80% 할인,"19,900원",83%,더보기,https://www.musinsa.com/products/5260774
7,NJ3BR82J 화이트라벨 여성 노벨티 올레마 자켓_BLACK,"회원님의 체형정보를 입력하고
비슷한 체형이 많이 구매한 사이즈를 찾아보세요","168,000원",,더보기,https://www.musinsa.com/products/4903789
8,XT-위스퍼_L47762000,컬러도 감성도 남다른 아마 루의 XT-위스퍼,"210,000원",,더보기,https://www.musinsa.com/products/4741660
9,[수아레X패션플래닛]데일리 쿨 하프 니트,"회원님의 체형정보를 입력하고
비슷한 체형이 많이 구매한 사이즈를 찾아보세요","29,900원",39%,"사이즈 실측 안내
반소매티셔츠 사이즈 측정법",https://www.musinsa.com/products/4992830
10,엑스트라 슬림 컬 업 마스카라 (3color),데이터가 증명한 무신사 뷰티 1위템 총정리,"13,600원",20%,더보기,https://www.musinsa.com/products/4867286
11,스피드캣 OG - 하우트커피:프로스트아이보리 / 398846-31,서머 슈즈 최대 70% 할인,"139,000원",,더보기,https://www.musinsa.com/products/4878503
12,멕시코 66 1183C102_005,서머 슈즈 최대 70% 할인,"180,000원",,더보기,https://www.musinsa.com/products/5189175
13,에어맥스 뮤즈 W - 블랙:메탈릭 실버 / FV1920-001,서머 슈즈 최대 70% 할인,"179,000원",,더보기,https://www.musinsa.com/products/5165216
14,레더 패치 오버핏 워크 데님 반팔 셔츠 [옐로우 블랙],"회원님의 체형정보를 입력하고
비슷한 체형이 많이 구매한 사이즈를 찾아보세요","29,990원",38%,"사이즈 실측 안내
셔츠 사이즈 측정법",https://www.musinsa.com/products/5026626
15,캐릭터 양말 3PACK,#무신사 영 아캄 벌룬팬츠 돌려 입기,"12,600원",30%,더보기,https://www.musinsa.com/products/4737889
16,에어 슈퍼플라이 W - 오일 그린:블랙:메탈릭 실버:유니버시티 레드 / HQ7955-302,서머 슈즈 최대 70% 할인,"119,000원",,더보기,https://www.musinsa.com/products/5165218
17,스피드캣 프리미엄 - 그레이:매트실버 / 403902-03,서머 슈즈 최대 70% 할인,"159,000원",,더보기,https://www.musinsa.com/products/4786149
18,[HIS] 블랙 퍼티그 셔켓,"회원님의 체형정보를 입력하고
비슷한 체형이 많이 구매한 사이즈를 찾아보세요","153,300원",30%,"사이즈 실측 안내
점퍼 사이즈 측정법",https://www.musinsa.com/products/5030874
19,[ON][케이블or베이직 선택]린넨라이크 반팔 니트 시리즈 - 14color,"회원님의 체형정보를 입력하고
비슷한 체형이 많이 구매한 사이즈를 찾아보세요","39,900원",50%,"사이즈 실측 안내
반소매티셔츠 사이즈 측정법",https://www.musinsa.com/products/4899057
20,[SET] 그래픽 피그먼트 오버핏 반팔티셔츠 PART04,"회원님의 체형정보를 입력하고
비슷한 체형이 많이 구매한 사이즈를 찾아보세요","40,800원",40%,"사이즈 실측 안내
반소매티셔츠 사이즈 측정법",https://www.musinsa.com/products/4782996
21,ESCAPER - 876 (a) / BEIGE,서머 슈즈 최대 70% 할인,"296,100원",10%,더보기,https://www.musinsa.com/products/4707584
22,XT-6 GTX_L47450600,서머 슈즈 최대 70% 할인,"295,000원",,더보기,https://www.musinsa.com/products/4741662
23,ABC 카모 BY BATHING APE 티셔츠(M) BLACK/GREEN,"회원님의 체형정보를 입력하고
비슷한 체형이 많이 구매한 사이즈를 찾아보세요","129,000원",,더보기,https://www.musinsa.com/products/5298181
24,[HIS] 프렌치 워크자켓 그레이,"회원님의 체형정보를 입력하고
비슷한 체형이 많이 구매한 사이즈를 찾아보세요","181,300원",30%,"사이즈 실측 안내
블레이져 사이즈 측정법",https://www.musinsa.com/products/5030876
25,싹스탑X헤일메리 도파민 자수 모자,스튜디오 싹스탑 × 헤일메리,"40,500원",10%,더보기,https://www.musinsa.com/products/5245323
26,스피드캣 발렛 - 레드 / 401287-07,서머 슈즈 최대 70% 할인,"119,000원",,더보기,https://www.musinsa.com/products/5104580
27,럭비 오버핏 메시 저지 하프 슬리브_블랙,"회원님의 체형정보를 입력하고
비슷한 체형이 많이 구매한 사이즈를 찾아보세요","37,800원",21%,"사이즈 실측 안내
반소매티셔츠 사이즈 측정법",https://www.musinsa.com/products/5045551
28,에브리데이 버뮤다 데님 쇼츠 [블랙],"회원님의 체형정보를 입력하고
비슷한 체형이 많이 구매한 사이즈를 찾아보세요","39,900원",57%,"사이즈 실측 안내
반바지 사이즈 측정법",https://www.musinsa.com/products/4989763
29,가베 스니커즈 - 블랙 / A4237GSB,서머 슈즈 최대 70% 할인,"460,990원",40%,더보기,https://www.musinsa.com/products/4883767
30,[SET-UP] 럭비 오버핏 메시 하프 셋업_3color,"회원님의 체형정보를 입력하고
비슷한 체형이 많이 구매한 사이즈를 찾아보세요","49,990원",47%,"사이즈 실측 안내
반소매티셔츠 사이즈 측정법",https://www.musinsa.com/products/5187827
31,[시드니Pick]언프레임드 하이드로 블로우 틴트 6종,오드타입 × 시드니,"14,400원",20%,더보기,https://www.musinsa.com/products/5191865
32,니나 스몰 토트 CR097 SV/BK,더현대 서울을 빛낸 코치의 팔색조 매력,"440,000원",60%,더보기,https://www.musinsa.com/products/5255203
33,[SET] 바이시클 오버핏 반팔티 스트링 포인트 우븐 반바지 셋업,"회원님의 체형정보를 입력하고
비슷한 체형이 많이 구매한 사이즈를 찾아보세요","36,500원",42%,"사이즈 실측 안내
반소매티셔츠 사이즈 측정법",https://www.musinsa.com/products/5162978
34,LCK 써머 자켓,"회원님의 체형정보를 입력하고
비슷한 체형이 많이 구매한 사이즈를 찾아보세요","169,000원",,"사이즈 실측 안내
점퍼_래글런 사이즈 측정법",https://www.musinsa.com/products/5313333
35,Campie Sweat Zip-Up Hoodie Jacket_Grey,핫 서머룩 최대 80% 할인,"138,000원",,"사이즈 실측 안내
점퍼 사이즈 측정법",https://www.musinsa.com/products/4890464
36,삭 바부슈 R25M720 (크랙블랙),서머 슈즈 최대 70% 할인,"100,900원",40%,더보기,https://www.musinsa.com/products/4912609
37,Leo Shoulder UF5SB088_2color,핫 서머룩 최대 80% 할인,"74,800원",15%,더보기,https://www.musinsa.com/products/5007301
38,럭비 오버핏 메시 저지 하프 슬리브_화이트,"회원님의 체형정보를 입력하고
비슷한 체형이 많이 구매한 사이즈를 찾아보세요","25,990원",46%,"사이즈 실측 안내
반소매티셔츠 사이즈 측정법",https://www.musinsa.com/products/5045548
39,[2PACK] 14수 7.4oz 헤비웨이트 라운드 오버핏 무지 반팔 티셔츠,"회원님의 체형정보를 입력하고
비슷한 체형이 많이 구매한 사이즈를 찾아보세요","25,900원",40%,"사이즈 실측 안내
반소매티셔츠 사이즈 측정법",https://www.musinsa.com/products/4838119
40,[단독상품][WOMEN] 오리지날 플레이 미드 레인부츠 - 블랙 WFMK002RMABLK,서머 슈즈 최대 70% 할인,"169,000원",,더보기,https://www.musinsa.com/products/4875400
41,포에버런 나이트로 2 - 블랙:블루 / 310109-14,서머 슈즈 최대 70% 할인,"199,000원",,더보기,https://www.musinsa.com/products/5193942
42,[SET] Printed Slip Dress + Sheer Sleeveless Dress SW5MO276_2color,루에브르 라이브ㅣ08.13(수) 오후 7시,"197,100원",10%,"사이즈 실측 안내
원피스 사이즈 측정법",https://www.musinsa.com/products/5162337
43,H-Street OG - 블랙:실버 / 403692-02,서머 슈즈 최대 70% 할인,"129,000원",,더보기,https://www.musinsa.com/products/5091152
44,ABC 카모 콜리지 티셔츠(M) WHITE/GREEN,"회원님의 체형정보를 입력하고
비슷한 체형이 많이 구매한 사이즈를 찾아보세요","129,000원",,더보기,https://www.musinsa.com/products/5166911
45,컴포트 크롭 반팔티 ( 3Color ),"회원님의 체형정보를 입력하고
비슷한 체형이 많이 구매한 사이즈를 찾아보세요","21,900원",20%,"사이즈 실측 안내
반소매티셔츠 사이즈 측정법",https://www.musinsa.com/products/5167907
46,WTRD1120 샌드맨 4홀 더비슈즈 카멜 [230~290MM],서머 슈즈 최대 70% 할인,"90,300원",30%,더보기,https://www.musinsa.com/products/4870595
47,패커블 우븐 자켓 - 브라운 / 950406-02,"회원님의 체형정보를 입력하고
비슷한 체형이 많이 구매한 사이즈를 찾아보세요","75,990원",30%,"사이즈 실측 안내
점퍼 사이즈 측정법",https://www.musinsa.com/products/4931672
48,보메로 플러스 M - 화이트:브라이트 크림슨:메탈릭 실버:블랙 / HV8150-100,버질 아블로의 이름을 새긴 에어 포스,"199,000원",,더보기,https://www.musinsa.com/products/5277375
49,NJ3BR60J 화이트라벨 노벨티 올레마 자켓_BLACK,"회원님의 체형정보를 입력하고
비슷한 체형이 많이 구매한 사이즈를 찾아보세요","188,000원",,더보기,https://www.musinsa.com/products/4900521
50,Cinch Back Denim Pants (Black),"회원님의 체형정보를 입력하고
비슷한 체형이 많이 구매한 사이즈를 찾아보세요","143,200원",20%,"사이즈 실측 안내
바지 사이즈 측정법",https://www.musinsa.com/products/4969769
